INSERT INTO EMPRESA_CONSTRUCAO.DEPARTAMENTO(id, nome)
    VALUES (20041, 'Departamento de Engenharia Civil'),
           (20042, 'Departamento de Arquitetura'),
           (20043, 'Departamento de Orçamentos e Estimativas'),
           (20044, 'Departamento de Gerenciamento de Projetos'),
           (20045, 'Departamento de Planeamento e Controlo de Obras'),
           (20046, 'Departamento de Suprimentos e Compras'),
           (20047, 'Departamento de Recursos Humanos'),
           (20048, 'Departamento Financeiro'),
           (20049, 'Departamento de Qualidade e Segurança'),
           (200410, 'Departamento de Marketing e Vendas');

INSERT INTO EMPRESA_CONSTRUCAO.EMPREGADO(nif, nome_proprio, apelido, email, telefone, morada, genero, data_nascimento, id_departamento)
    VALUES (123456789, 'João', 'Silva','jao.silva@ua.pt', 91234678, 'Rua das Flores 123 Lisboa', 'M', '1990/05/15', 20041),
           (987654321, 'Ana', 'Santos','ana.santos@ua.pt', 923456789, NULL, NULL, '1985-08-20', 20042),
           (456789123, 'Maria', 'Pereira','maria.pereira@ua.pt', 934567890, NULL, 'F', NULL, 20043),
           (567890321, 'Alberto', 'Vieira','alberto.vieira@ua.pt', 945678324, 'Rua das Curvas Aveiro', 'M', NULL, 20044),
           (624521804, 'Paulo', 'Gonzo','paulo.gonzo@ua.pt', 974681564, 'Rua Estevão Aveiro', 'M', '1989/01/31', 20045),
           (732843512, 'Adriana', 'Santos','adriana.santos@ua.pt', 989012378, 'Rua Luz Porto', 'F', '1945/05/20', 20046),
           (824637036, 'Diogo', 'Falcas','falcas.diogo@ua.pt', 990634832, 'Rua Darto Castelo Branco', 'M', '1967/03/25', 20047),
           (091543871, 'Tiago', 'Parreira', 'tiago.parreira@ua.pt', 914381023, NULL, 'M', '1973/11/14', 20048),
           (071821743, 'Mariana', 'Hinácio', 'mariana.hinacio@ua.pt', 925712973, NULL, 'F', NULL, 20049),
           (834812034, 'Carla', 'Costa', 'carla.costa@ua.pt', 973982630, 'Rua Palmeira Leiria', NULL, '1975/08/20', 200410),
           (741029467, 'Manuel', 'Gameiro', 'manuel.gameiro@ua.pt', 965943057, 'Rua Albergaria Pombal', 'M', '1964/10/03', 20046),
           (912543812, 'João', 'Martins', 'joao.martins@ua.pt', 984736194, NULL, 'M', '2000/04/08', 20049),
           (134820376, 'AnaBela', 'Neves', 'anabela.neves@ua.pt', 911621058, 'Rua Roubã Coimbra', 'F', '1978/10/25', 20042),
           (202465812, 'Andreia', 'Marques', 'andreia.marques@ua.pt', 942973024, 'Rua Infesta Meirinhas', 'F', NULL, 20043),
           (367290150, 'Pedro', 'Oliveira', 'pedro.oliveira@ua.pt', 959371067, NULL, 'M', '1993/12/10', 20044),
           (461092846, 'Carlos', 'Amorim', 'carlos.amorim@ua.pt', 961043518, 'Rua Oliveirinha Lagos', 'M', '2001/05/12', 20045),
           (531425698, 'Diana', 'Rodrigues', 'diana.rodrigues@ua.pt', 971098518, NULL, NULL, NULL, 20047),
           (698145037, 'Marta', 'Miranda', 'marta.miranda@ua.pt', 981734051, 'Rua dos Santos Braga', 'F', NULL, 20041),
           (710795873, 'Rafael', 'Ferreira', 'rafael.ferreira@ua.pt', 99432019, 'Rua 666 Batalha', 'M', NULL, 20048),
           (858170728, 'Dário', 'Carreira', 'dario.carreira@ua.pt', 901738012, 'Rua 999 Porto Mós', NULL, '1936/02/28', 20045),
           (976019338, 'Melissa', 'Maior', 'melissa.maior@ua.pt', 913647011, 'Rua do Azeite Tinalhas', 'F', '1958/07/21', 20041),
           (036180144, 'Leonor', 'Nascimento', 'leonor.nascimento@ua.pt', 924901739, NULL, 'F', NULL, 20045),
           (149107584, 'Leandro', 'Silva', 'leandro.silva@ua.pt',937012839, NULL, NULL, '1983/02/09', 20048),
           (280932739, 'Rodrigo', 'Lagoa', 'rodrigo.lagoa@ua.pt',949056913, 'Rua das Cerejas Leiria', 'M', '2002/06/28', 20046),
           (331085045, 'Josefina', 'Bento', 'josefina.bento@ua.pt',95284901, 'Rua Curral Bragança', 'F', '1956/04/30', 20043),
           (485719621, 'Carolina', 'Carvalho', 'carolina.carvalho@ua.pt',962840749, 'Rua Panelas Esgueira', NULL, NULL, 20047),
           (547291946, 'Manel', 'da Cruz', 'manel.cruz@ua.pt',978534741, NULL, 'M', '1962/08/11', 20044),
           (658631739, 'Alexandre', 'Galvão', 'alexandre.galvao@ua.pt',986719649, 'Rua do Chinelo Viseu', 'M', NULL, 20049),
           (759107401, 'Catarina', 'Macieira', 'catarina.macieira@ua.pt',991748023, 'Rua Esparguete Beja', 'F', '1994/08/13', 20042),
           (878649173, 'Rúben', 'Gameiro', 'ruben.gameiro@ua.pt',902748029, 'Rua Piscina Murtosa', 'M', '1976/11/22', 20043),
           (953832401, 'José', 'Garrido', 'jose.garrido@ua.pt',918883274, 'Rua Pedras Leiria', 'M', '1997/09/09', 20041),


INSERT INTO EMPRESA_CONSTRUCAO.CEO(nif_empregado)
    VALUES (953832401),
           (878649173);

INSERT INTO EMPRESA_CONSTRUCAO.SERVICO(id, categoria, id_departamento)
    VALUES (201101, 'Construção Residencial', 20047),
           (201102, 'Construção Comercial', 20044),
           (201103, 'Construção Industrial', 20048),
           (201104, 'Construção Civil', 20041),
           (201105, 'Reformas e Renovações', 20042),
           (201106, 'Construção de Edificios Públicos', 200410),
           (201107, 'Construção Sustentável', 20043),
           (201108, 'Obras de Paisagismo', 20049),
           (201109, 'Restauração e Preservação', 20046),
           (201110, 'Obras Especializadas', 20045),
           (201111, 'Construção de Infraestruturas Desportivas', 20041),
           (201112, 'Construção de Empreendimentos Residencias de Luxo', 20045),
           (201113, 'Restauração de Património Histórico', 20049),
           (201114, 'Obras de Engenharia Hidráulica', 20043),
           (201115, 'Construção de Estruturas Modulares', 20048);

INSERT INTO EMPRESA_CONSTRUCAO.CLIENTE(nif, nome_proprio, apelido, email, telefone, morada)
    VALUES  (538915867, 'Tammy', 'Jackson', 'emma93@example.net', 436256307, 'USNS Moss, FPO AP 24703'),
            (519748396, 'Alexander', 'Wright', 'michaelking@example.org', 602090049, '821 Marie Skyway, Scottview, VA 47504'),
            (911847104, 'Brooke', 'Williams', 'lsteele@example.net', 716963139, '25352 Harrison Rapid, Jesusberg, MS 51882'),
            (968080065, 'Peter', 'Moyer', 'bnelson@example.org', 375978958, '5280 White Unions Apt. 270, Port Frederickburgh, FL 75070'),
            (512717923, 'Andrew', 'Stewart', 'cathy14@example.com', 1442480439, '517 Maria Burg Suite 322, Derekstad, NC 22008'),
            (261741939, 'Eric', 'Long', 'vvance@example.org', 068990554, '384 Gonzalez Crest Apt. 193, West Kathryn, SD 34015'),
            (203754953, 'Evan', 'Grant', 'danielleherrera@example.net', 833260938, '71012 Leah Road, Ronaldborough, NM 08202'),
            (686181635, 'Jennifer', 'Thompson', 'yglenn@example.com', 833102487, '9149 Lindsay Grove Suite 487, Bakerberg, VA 13820'),
            (734602847, 'Lindsey', 'Carter', 'nicolemcdaniel@example.net', 156649225, '523 Curtis Run Apt. 048, Lake Kathleenview, WI 44848'),
            (837254890, 'Yvonne', 'Brock', 'adamstyler@example.com', 818310174, '678 Hughes Loop, Powersfurt, DE 14459'),
            (785986415, 'Jody', 'Marquez', 'woodwardjeffrey@example.org', 831058505, '70005 Jordan Trace, Kellytown, WI 82732'),
            (240158594, 'Linda', 'Freeman', 'jlittle@example.org', 584778573, '1110 Karen Gateway, East Sonyaport, WV 72669'),
            (382530585, 'Samuel', 'Harris', 'mlewis@example.com', 177878141, '16040 Danielle Trace Suite 517, Jamesside, PR 95278'),
            (533916394, 'Melissa', 'Jones', 'cassandrapreston@example.com', 245591490, '64958 Susan Skyway Apt. 017, Fowlerburgh, MT 49141'),
            (259104140, 'Sarah', 'Hernandez', 'marissahiggins@example.com', 071833001, '402 Rosario Crest Suite 329, Port Charles, NH 49476'),
            (729979948, 'Bridget', 'Houston', 'trankristy@example.com', 696885297, 'Unit 7534 Box 7003, DPO AA 55787'),
            (286352453, 'Cheyenne', 'Barker', 'ronald99@example.com', 896752193, '93093 Perez Square, Steventown, OH 52351'),
            (935071764, 'Heather', 'Esparza', 'josecooper@example.com', 534424567, '05516 Michele Dale Suite 429, South Kyle, IA 60394'),
            (133260774, 'Alyssa', 'Campbell', 'abennett@example.com', 099545838, '8071 Shane Alley Suite 348, Lovetown, CO 42614'),
            (281480761, 'Jessica', 'Watson', 'georgemaldonado@example.org', 614464147, '8483 Janet Mill Suite 593, Cynthiafurt, CO 76083'),
            (699437765, 'Mary', 'Powell', 'pgregory@example.com', 887120194, '35404 Joe Course Apt. 075, Danielbury, MI 68085'),
            (519439633, 'Michael', 'Strickland', 'sethhart@example.net', 816234279, '22626 Valdez Junctions Apt. 801, Andersonport, ME 89006'),
            (991972282, 'Jessica', 'Lee', 'nicholas95@example.org', 853042464, '753 Jackson River, Nicholasborough, DC 49673'),
            (325274605, 'Angela', 'Jacobs', 'ann96@example.org', 594280378, '4855 Stein Well, West Carol, PW 33986'),
            (614465660, 'Alexandra', 'White', 'wgamble@example.com', 144482674, '352 Jeffrey Radial, Hansentown, CO 34430'),
            (290596287, 'Kelly', 'Miller', 'angelascott@example.com', 029681169, 'USNS Brandt, FPO AE 73029'),
            (831844134, 'Leslie', 'Ingram', 'lisa84@example.net', 733397154, '90061 Robert Key, West George, AS 22354'),
            (319379054, 'Debra', 'Espinoza', 'rhall@example.net', 778730596, '405 Malone Mountains, Christopherborough, PW 44991'),
            (831568458, 'Brendan', 'Kelly', 'feliciawang@example.org', 290422635, '769 Davis Viaduct Suite 861, New Grantstad, NC 82826'),
            (166958630, 'John', 'Shaffer', 'jamesramirez@example.com', 932067141, 'USCGC Foley, FPO AA 60494'),
            (764629617, 'Jamie', 'Cross', 'wilsonricky@example.com', 820975206, '80817 Reyes Fork Suite 389, Lifort, AK 73783'),
            (634147386, 'Kristin', 'Wall', 'patrickmoore@example.net', 354369378, '59030 Patrick Forest Apt. 432, Lake Tracyland, GA 66313'),
            (287944069, 'Katelyn', 'Solis', 'greenwanda@example.org', 139810057, 'Unit 5906 Box 0884, DPO AP 15366'),
            (184424855, 'David', 'Lee', 'fschneider@example.org', 893497362, '000 Lori Mount, Thomasfort, KS 39311'),
            (768050941, 'Brian', 'Banks', 'shaunmullins@example.com', 198515059, 'PSC 4746, Box 6840, APO AP 61533'),
            (263085123, 'Daniel', 'Crawford', 'mossmadeline@example.net', 054609745, '1289 Duke Stream Apt. 776, Michaelbury, NV 19060'),
            (284071297, 'Laura', 'Lawrence', 'uhill@example.net', 542644006, '953 Jennifer Rue Suite 645, Port Bethanystad, UT 43578'),
            (785888742, 'Tyler', 'Shepard', 'payneabigail@example.com', 919104792, '964 Frank Street Suite 719, Port Elizabethfurt, MO 69652'),
            (378861758, 'John', 'Smith', 'mbradley@example.org', 173367761, 'PSC 9117, Box 2010, APO AA 94137'),
            (813991455, 'Brittany', 'Hall', 'scottjamie@example.org', 465511105, '29539 Steven Crescent, Liufort, MA 77346'),
            (827204590, 'Amy', 'Sherman', 'michael39@example.com', 226792444, 'PSC 7036, Box 0342, APO AE 35073'),
            (105109164, 'Kelsey', 'Rogers', 'jamesjacob@example.net', 499934325, '2218 Chapman Dam Apt. 548, East Lisa, ND 05133'),
            (909990217, 'Cameron', 'Forbes', 'lutzsamantha@example.org', 319837759, '7166 Bridget Cove, Shellyfurt, AL 31440'),
            (636788195, 'John', 'Escobar', 'michaeljenkins@example.com', 130287772, '6700 Heidi Plaza Apt. 105, West Timothy, LA 91195'),
            (599871432, 'Kaitlyn', 'Delacruz', 'victorwyatt@example.net', 226669382, 'USCGC Ramirez, FPO AE 32857'),
            (920004165, 'Cheyenne', 'Figueroa', 'walkererica@example.org', 026834295, '985 Rachael Flat, Port Kayla, MO 53587'),
            (685452999, 'Katie', 'Garcia', 'xwiley@example.org', 134202066, '9689 Williamson Landing Apt. 989, West Peggyside, FL 76795'),
            (559873828, 'Ralph', 'Lowery', 'vcollins@example.com', 198285488, '1220 Stephanie Locks, Michaelborough, MH 77021'),
            (954574501, 'Shane', 'Williams', 'cmeyer@example.org', 414947919, '38158 Hughes Fort, Jacquelinefort, NJ 02889'),
            (772427491, 'Helen', 'Patton', 'wdonaldson@example.net', 727321514, '9983 Juarez Underpass, West Andrew, MA 91175'),
            (105442534, 'Virginia', 'Garcia', 'mendozamartha@example.org', 943688963, '73496 Ramirez Extension, Jamesport, UT 96197'),
            (108247780, 'Michael', 'Jennings', 'laura42@example.com', 270921617, 'USNV Nguyen, FPO AP 52017'),
            (467079908, 'Valerie', 'Pace', 'rblack@example.com', 833891259, 'Unit 3081 Box 2467, DPO AA 19515'),
            (241123033, 'Anthony', 'Graham', 'brent13@example.org', 112274421, '785 Clark Crest Apt. 829, Kimberlyfort, KY 12118'),
            (491113344, 'Tara', 'Campos', 'jeremypowers@example.net', 840603719, '3316 Nicholas Shoal Suite 909, New Bradleymouth, SD 58446'),
            (111356719, 'Brian', 'Walker', 'charles99@example.org', 049405798, '39364 Brandt Loop, Jordanfort, NM 28581'),
            (290770611, 'Amber', 'Young', 'qtorres@example.com', 528723682, '3687 Todd Island Apt. 399, Port Jeremiah, VI 45646'),
            (707260842, 'Patrick', 'Lopez', 'emora@example.com', 972396652, 'Unit 7696 Box 9566, DPO AE 58819'),
            (462815779, 'Stacie', 'Arnold', 'amanda52@example.com', 168403761, '952 Charles Isle, South Ryanmouth, OR 70982'),
            (331559633, 'Crystal', 'Young', 'kirwin@example.net', 206068943, '385 Peters Bypass, Carolynmouth, NC 84433'),
            (671561996, 'Daniel', 'Romero', 'michelletran@example.org', 644747620, '90582 Valentine View Suite 066, Allisonport, PR 46996'),
            

INSERT INTO EMPRESA_CONSTRUCAO.OBRA(ID, LOCALIZACAO, DATA_INICIO, DATA_FIM, NIF_CLIENTE)
    VALUES